IMG0001_0602.172541.622.raw,12631.424797
IMG0002_0602.172554.948.raw,21563.845463
IMG0003_0602.172658.547.raw,12671.319347
IMG0004_0602.172711.888.raw,21588.356118
IMG0005_0602.172815.451.raw,12684.687467
IMG0006_0602.172828.792.raw,21607.818040
IMG0007_0602.172932.355.raw,12693.561923
IMG0008_0602.172945.696.raw,21613.254524
IMG0009_0602.173049.259.raw,12696.523173
IMG0010_0602.173102.600.raw,21628.318392
IMG0011_0602.173206.195.raw,12703.091041
IMG0012_0602.173219.535.raw,21633.117476
IMG0013_0602.173323.099.raw,12695.221816
IMG0014_0602.173336.439.raw,21620.260603
IMG0015_0602.173440.034.raw,12705.389661
IMG0016_0602.173453.390.raw,21626.354405
IMG0017_0602.173556.970.raw,12704.283508
IMG0018_0602.173610.326.raw,21635.337750
IMG0019_0602.173713.889.raw,12702.052611
IMG0020_0602.173727.230.raw,21645.083318
IMG0021_0602.173830.856.raw,12705.582209
IMG0022_0602.173844.197.raw,21630.761755
IMG0023_0602.173947.760.raw,12710.495495
IMG0024_0602.174001.101.raw,21641.041145
IMG0025_0602.174104.680.raw,12715.402140
IMG0026_0602.174118.020.raw,21650.620724
IMG0027_0602.174221.584.raw,12716.131166
IMG0028_0602.174234.925.raw,21653.234060
IMG0029_0602.174338.505.raw,12711.168748
IMG0030_0602.174351.845.raw,21643.666433
IMG0031_0602.174455.408.raw,12711.081105
IMG0032_0602.174508.765.raw,21654.067991
IMG0033_0602.174612.345.raw,12725.356191
IMG0034_0602.174625.701.raw,21653.774522
IMG0035_0602.174729.264.raw,12718.431115
IMG0036_0602.174742.605.raw,21671.329558
IMG0037_0602.174846.200.raw,12728.989367
IMG0038_0602.174859.541.raw,21674.094277
IMG0039_0602.175003.105.raw,12730.309314
IMG0040_0602.175016.446.raw,21676.985148
IMG0041_0602.175120.026.raw,12725.133101
IMG0042_0602.175133.366.raw,21664.429712
IMG0043_0602.175236.931.raw,12734.548019
IMG0044_0602.175250.271.raw,21683.348516
IMG0045_0602.175353.851.raw,12729.517877
IMG0046_0602.175407.192.raw,21676.541624
IMG0047_0602.175510.771.raw,12734.727287
IMG0048_0602.175524.111.raw,21684.920768
IMG0049_0602.175627.675.raw,12735.782980
IMG0050_0602.175641.016.raw,21687.589877
IMG0051_0602.175744.564.raw,12730.975927
IMG0052_0602.175757.921.raw,21689.889826
IMG0053_0602.175901.499.raw,12731.736823
IMG0054_0602.175914.840.raw,21678.769866
IMG0055_0602.180018.419.raw,12739.879597
IMG0056_0602.180031.744.raw,21693.800535
IMG0057_0602.180135.323.raw,12740.979111
IMG0058_0602.180148.663.raw,21690.687903
IMG0059_0602.180252.227.raw,12740.621902
IMG0060_0602.180305.568.raw,21697.213277
IMG0061_0602.180409.178.raw,12737.377806
IMG0062_0602.180422.519.raw,21698.798807
IMG0063_0602.180526.083.raw,12740.296563
IMG0064_0602.180539.424.raw,21699.264905
IMG0065_0602.180642.988.raw,12739.949977
IMG0066_0602.180656.328.raw,21698.264985
IMG0067_0602.180759.878.raw,12740.778596
IMG0068_0602.180813.234.raw,21705.013449
IMG0069_0602.180916.797.raw,12747.052994
IMG0070_0602.180930.153.raw,21694.732732
IMG0071_0602.181033.732.raw,12742.775780
IMG0072_0602.181047.074.raw,21700.611411
IMG0073_0602.181150.684.raw,12742.729303
IMG0074_0602.181204.024.raw,21703.394721
IMG0075_0602.181307.604.raw,12743.998790
IMG0076_0602.181320.944.raw,21715.497338
IMG0077_0602.181424.508.raw,12749.425978
IMG0078_0602.181437.848.raw,21714.047255
IMG0079_0602.181541.427.raw,12744.488790
IMG0080_0602.181554.768.raw,21710.068822
IMG0081_0602.181658.347.raw,12750.236006
IMG0082_0602.181711.687.raw,21711.125842
IMG0083_0602.181815.235.raw,12746.268196
IMG0084_0602.181828.591.raw,21713.279720
IMG0085_0602.181932.218.raw,12748.018388
IMG0086_0602.181945.559.raw,21707.613507
IMG0087_0602.182049.122.raw,12751.837472
IMG0088_0602.182102.463.raw,21714.112323
IMG0089_0602.182206.074.raw,12747.641261
IMG0090_0602.182219.415.raw,21716.064358
IMG0091_0602.182322.978.raw,12748.901452
IMG0092_0602.182336.319.raw,21714.180047
IMG0093_0602.182439.883.raw,12755.428154
IMG0094_0602.182453.223.raw,21715.671295
IMG0095_0602.182556.818.raw,12755.599455
IMG0096_0602.182610.158.raw,21728.002314
IMG0097_0602.182713.722.raw,12748.159147
IMG0098_0602.182727.063.raw,21731.307494
IMG0099_0602.182830.610.raw,12757.073441
IMG0100_0602.182843.967.raw,21732.618146
IMG0101_0602.182947.530.raw,12749.881453
IMG0102_0602.183000.871.raw,21716.019209
IMG0103_0602.183104.435.raw,12758.931194
IMG0104_0602.183117.776.raw,21725.185806
IMG0105_0602.183221.386.raw,12758.341599
IMG0106_0602.183234.727.raw,21736.684222
IMG0107_0602.183338.290.raw,12759.887292
IMG0108_0602.183351.631.raw,21736.155712
IMG0109_0602.183455.226.raw,12757.199593
IMG0110_0602.183508.566.raw,21734.616658
IMG0111_0602.183612.177.raw,12761.657403
IMG0112_0602.183625.517.raw,21734.250154
IMG0113_0602.183729.096.raw,12757.134525
IMG0114_0602.183742.452.raw,21729.125730
IMG0115_0602.183846.032.raw,12761.953528
IMG0116_0602.183859.388.raw,21733.211724
IMG0117_0602.184002.951.raw,12757.844959
IMG0118_0602.184016.292.raw,21733.827877
IMG0119_0602.184119.856.raw,12756.477207
IMG0120_0602.184133.196.raw,21742.655856
IMG0121_0602.184236.760.raw,12754.649996
IMG0122_0602.184250.101.raw,21741.068997
IMG0123_0602.184353.681.raw,12756.054930
IMG0124_0602.184407.022.raw,21734.345764
IMG0125_0602.184510.616.raw,12756.811841
IMG0126_0602.184523.957.raw,21730.841396
IMG0127_0602.184627.536.raw,12760.867294
IMG0128_0602.184640.876.raw,21736.277880
IMG0129_0602.184744.471.raw,12758.603199
IMG0130_0602.184757.827.raw,21744.731387
IMG0131_0602.184901.422.raw,12761.548514
IMG0132_0602.184914.762.raw,21736.777176
IMG0133_0602.185018.326.raw,12760.855343
IMG0134_0602.185031.666.raw,21737.386689
IMG0135_0602.185135.231.raw,12762.814017
IMG0136_0602.185148.571.raw,21742.461980
IMG0137_0602.185252.135.raw,12767.556002
IMG0138_0602.185305.475.raw,21749.680526
IMG0139_0602.185409.055.raw,12765.651771
IMG0140_0602.185422.443.raw,21749.377761
IMG0141_0602.185525.976.raw,12768.701992
IMG0142_0602.185539.333.raw,21734.077525
IMG0143_0602.185642.881.raw,12769.968823
IMG0144_0602.185656.222.raw,21735.102675
IMG0145_0602.185759.801.raw,12763.422202
IMG0146_0602.185813.142.raw,21742.900192
IMG0147_0602.185916.721.raw,12763.334560
IMG0148_0602.185930.077.raw,21743.087428
IMG0149_0602.190033.656.raw,12762.922906
IMG0150_0602.190046.997.raw,21750.752153
IMG0151_0602.190150.561.raw,12761.383853
IMG0152_0602.190203.901.raw,21742.605395
IMG0153_0602.190307.465.raw,12769.464215
IMG0154_0602.190320.806.raw,21749.736298
IMG0155_0602.190424.416.raw,12762.564369
IMG0156_0602.190437.757.raw,21744.949165
IMG0157_0602.190541.320.raw,12765.650444
IMG0158_0602.190554.661.raw,21755.770344
IMG0159_0602.190658.271.raw,12761.280275
IMG0160_0602.190711.612.raw,21737.394656
IMG0161_0602.190815.175.raw,12762.420954
IMG0162_0602.190828.516.raw,21753.735978
IMG0163_0602.190932.080.raw,12764.054290
IMG0164_0602.190945.436.raw,21745.073989
IMG0165_0602.191049.031.raw,12772.402891
IMG0166_0602.191102.371.raw,21740.419647
IMG0167_0602.191205.967.raw,12764.673098
IMG0168_0602.191219.308.raw,21759.276040
IMG0169_0602.191322.887.raw,12772.114734
IMG0170_0602.191336.227.raw,21741.220379
IMG0171_0602.191439.806.raw,12770.125517
IMG0172_0602.191453.147.raw,21745.613122
IMG0173_0602.191556.726.raw,12763.292067
IMG0174_0602.191610.066.raw,21761.800406
IMG0175_0602.191713.630.raw,12769.184025
IMG0176_0602.191726.971.raw,21753.350883
IMG0177_0602.191830.551.raw,12768.861342
IMG0178_0602.191843.891.raw,21750.774728
IMG0179_0602.191947.470.raw,12771.696440
IMG0180_0602.192000.827.raw,21753.524840
IMG0181_0602.192104.422.raw,12763.929466
IMG0182_0602.192117.763.raw,21753.427902
IMG0183_0602.192221.342.raw,12774.759940
IMG0184_0602.192234.683.raw,21757.460780
IMG0185_0602.192338.293.raw,12770.116222
IMG0186_0602.192351.634.raw,21754.372049
IMG0187_0602.192455.197.raw,12769.181369
IMG0188_0602.192508.537.raw,21750.665839
IMG0189_0602.192612.101.raw,12767.996869
IMG0190_0602.192625.441.raw,21753.761209
IMG0191_0602.192729.036.raw,12762.366510
IMG0192_0602.192742.377.raw,21749.043127
IMG0193_0602.192845.957.raw,12767.336896
IMG0194_0602.192859.297.raw,21753.261913
IMG0195_0602.193002.847.raw,12773.425386
IMG0196_0602.193016.187.raw,21751.297926
IMG0197_0602.193119.751.raw,12773.316497
IMG0198_0602.193133.107.raw,21752.595299
IMG0199_0602.193236.687.raw,12766.469767
IMG0200_0602.193250.027.raw,21753.562021
IMG0201_0602.193353.637.raw,12764.481878
IMG0202_0602.193406.978.raw,21740.962764
IMG0203_0602.193510.557.raw,12762.662635
IMG0204_0602.193523.897.raw,21740.836612
IMG0205_0602.193627.476.raw,12768.399228
IMG0206_0602.193640.817.raw,21751.076164
IMG0207_0602.193744.380.raw,12768.189417
IMG0208_0602.193757.721.raw,21751.173102
IMG0209_0602.193901.285.raw,12767.522804
IMG0210_0602.193914.625.raw,21749.912911
IMG0211_0602.194018.189.raw,12767.941097
IMG0212_0602.194031.545.raw,21752.007033
IMG0213_0602.194135.109.raw,12758.806370
IMG0214_0602.194148.450.raw,21734.732187
IMG0215_0602.194252.013.raw,12757.688265
IMG0216_0602.194305.354.raw,21734.671103
IMG0217_0602.194408.919.raw,12765.897436
IMG0218_0602.194422.259.raw,21738.680078
IMG0219_0602.194525.838.raw,12758.012277
IMG0220_0602.194539.179.raw,21744.228107
IMG0221_0602.194642.758.raw,12756.879565
IMG0222_0602.194656.099.raw,21748.723099
IMG0223_0602.194759.678.raw,12757.566097
IMG0224_0602.194813.018.raw,21740.294823
IMG0225_0602.194916.629.raw,12759.148972
IMG0226_0602.194929.970.raw,21734.309910
IMG0227_0602.195033.533.raw,12758.295122
IMG0228_0602.195046.889.raw,21741.335908
IMG0229_0602.195150.468.raw,12762.567025
IMG0230_0602.195203.809.raw,21741.533767
IMG0231_0602.195307.388.raw,12763.557650
IMG0232_0602.195320.728.raw,21731.209228
IMG0233_0602.195424.291.raw,12757.154443
IMG0234_0602.195437.632.raw,21732.495978
IMG0235_0602.195541.195.raw,12757.791843
IMG0236_0602.195554.536.raw,21746.474939
IMG0237_0602.195658.115.raw,12760.005477
IMG0238_0602.195711.471.raw,21732.792103
IMG0239_0602.195815.066.raw,12765.615918
IMG0240_0602.195828.407.raw,21731.405760
IMG0241_0602.195932.002.raw,12763.770116
IMG0242_0602.195945.358.raw,21748.118898
IMG0243_0602.200048.906.raw,12764.334480
IMG0244_0602.200102.247.raw,21747.284967
IMG0245_0602.200205.810.raw,12766.023588
IMG0246_0602.200219.151.raw,21746.335508
IMG0247_0602.200322.730.raw,12758.664283
IMG0248_0602.200336.086.raw,21743.504393
IMG0249_0602.200439.696.raw,12764.207000
IMG0250_0602.200453.037.raw,21742.155232
IMG0251_0602.200556.601.raw,12764.499141
IMG0252_0602.200609.942.raw,21740.618834
IMG0253_0602.200713.505.raw,12760.867294
IMG0254_0602.200726.845.raw,21743.038295
IMG0255_0602.200830.425.raw,12762.270900
IMG0256_0602.200843.766.raw,21750.971259
IMG0257_0602.200947.346.raw,12762.973367
IMG0258_0602.201000.702.raw,21740.005337
IMG0259_0602.201104.250.raw,12763.509845
IMG0260_0602.201117.590.raw,21739.251082
IMG0261_0602.201221.169.raw,12767.595839
IMG0262_0602.201234.510.raw,21746.314261
IMG0263_0602.201338.090.raw,12770.417658
IMG0264_0602.201351.431.raw,21736.179614
IMG0265_0602.201455.010.raw,12765.846975
IMG0266_0602.201508.351.raw,21744.055478
IMG0267_0602.201611.930.raw,12769.720503
IMG0268_0602.201625.271.raw,21749.052422
IMG0269_0602.201728.866.raw,12769.994053
IMG0270_0602.201742.206.raw,21752.686925
IMG0271_0602.201845.848.raw,12769.144188
IMG0272_0602.201859.189.raw,21740.276232
IMG0273_0602.202002.753.raw,12762.863150
IMG0274_0602.202016.109.raw,21740.316069
IMG0275_0602.202119.672.raw,12766.791123
IMG0276_0602.202133.013.raw,21754.317605
IMG0277_0602.202236.607.raw,12772.865006
IMG0278_0602.202249.948.raw,21749.078980
IMG0279_0602.202353.511.raw,12770.284867
IMG0280_0602.202406.852.raw,21755.746441
IMG0281_0602.202510.446.raw,12765.809793
IMG0282_0602.202523.787.raw,21744.230763
IMG0283_0602.202627.351.raw,12767.549362
IMG0284_0602.202640.691.raw,21745.407295
IMG0285_0602.202744.301.raw,12768.861342
IMG0286_0602.202757.642.raw,21746.898544
IMG0287_0602.202901.221.raw,12768.618334
IMG0288_0602.202914.577.raw,21752.860882
IMG0289_0602.203018.125.raw,12771.967335
IMG0290_0602.203031.482.raw,21756.969451
IMG0291_0602.203135.061.raw,12768.099119
IMG0292_0602.203148.402.raw,21749.102883
IMG0293_0602.203251.981.raw,12772.303298
IMG0294_0602.203305.321.raw,21756.228475
IMG0295_0602.203408.916.raw,12770.579664
IMG0296_0602.203422.273.raw,21753.263240
IMG0297_0602.203525.836.raw,12771.498581
IMG0298_0602.203539.176.raw,21751.177086
IMG0299_0602.203642.756.raw,12775.524819
IMG0300_0602.203656.096.raw,21751.473211
IMG0301_0602.203759.691.raw,12773.426714
IMG0302_0602.203813.031.raw,21763.593091
IMG0303_0602.203916.595.raw,12779.006612
IMG0304_0602.203929.951.raw,21760.311813
IMG0305_0602.204033.515.raw,12773.862270
IMG0306_0602.204046.856.raw,21759.621297
IMG0307_0602.204150.419.raw,12772.578176
IMG0308_0602.204203.775.raw,21761.485690
IMG0309_0602.204307.355.raw,12781.358350
IMG0310_0602.204320.696.raw,21758.099507
IMG0311_0602.204424.260.raw,12782.436617
IMG0312_0602.204437.600.raw,21769.356242
IMG0313_0602.204541.179.raw,12776.010836
IMG0314_0602.204554.520.raw,21761.995609
IMG0315_0602.204658.132.raw,12782.205560
IMG0316_0602.204711.472.raw,21769.285863
IMG0317_0602.204815.036.raw,12776.840783
IMG0318_0602.204828.392.raw,21766.401631
IMG0319_0602.204932.002.raw,12783.634396
IMG0320_0602.204945.359.raw,21757.918910
IMG0321_0602.205048.907.raw,12778.033251
IMG0322_0602.205102.264.raw,21758.043734
IMG0323_0602.205205.827.raw,12777.479510
IMG0324_0602.205219.168.raw,21758.778071
IMG0325_0602.205322.731.raw,12778.641436
IMG0326_0602.205336.072.raw,21778.423246
IMG0327_0602.205439.636.raw,12784.397947
IMG0328_0602.205452.977.raw,21775.503161
IMG0329_0602.205556.556.raw,12786.942232
IMG0330_0602.205609.912.raw,21765.744313
IMG0331_0602.205713.507.raw,12778.921626
IMG0332_0602.205726.848.raw,21768.763992
IMG0333_0602.205830.427.raw,12785.190713
IMG0334_0602.205843.783.raw,21764.181357
IMG0335_0602.205947.347.raw,12782.044882
IMG0336_0602.210000.703.raw,21772.994729
IMG0337_0602.210104.252.raw,12782.909355
IMG0338_0602.210117.655.raw,21763.307589
IMG0339_0602.210221.188.raw,12782.423338
IMG0340_0602.210234.528.raw,21782.862465
IMG0341_0602.210338.123.raw,12782.995669
IMG0342_0602.210351.479.raw,21774.238986
IMG0343_0602.210455.120.raw,12785.773667
IMG0344_0602.210508.461.raw,21781.931597
IMG0345_0602.210612.040.raw,12789.842399
IMG0346_0602.210625.381.raw,21779.413870
IMG0347_0602.210728.944.raw,12785.427081
IMG0348_0602.210742.285.raw,21780.729834
IMG0349_0602.210845.864.raw,12785.594399
IMG0350_0602.210859.204.raw,21780.982138
IMG0351_0602.211002.768.raw,12791.307089
IMG0352_0602.211016.124.raw,21776.874897
IMG0353_0602.211119.673.raw,12791.065408
IMG0354_0602.211133.029.raw,21789.069140
IMG0355_0602.211236.608.raw,12794.815440
IMG0356_0602.211249.964.raw,21790.993289
IMG0357_0602.211353.543.raw,12796.747557
IMG0358_0602.211406.883.raw,21789.134208
IMG0359_0602.211510.478.raw,12792.163594
IMG0360_0602.211523.819.raw,21786.064069
IMG0361_0602.211627.383.raw,12793.928393
IMG0362_0602.211640.723.raw,21788.127648
IMG0363_0602.211744.349.raw,12795.544466
IMG0364_0602.211757.690.raw,21778.990265
IMG0365_0602.211901.301.raw,12796.612109
IMG0366_0602.211914.641.raw,21787.427837
IMG0367_0602.212018.204.raw,12795.106254
IMG0368_0602.212031.561.raw,21793.920014
IMG0369_0602.212135.125.raw,12799.031570
IMG0370_0602.212148.481.raw,21783.615393
IMG0371_0602.212252.060.raw,12793.198040
IMG0372_0602.212305.401.raw,21792.191068
IMG0373_0602.212408.980.raw,12791.676249
IMG0374_0602.212422.336.raw,21786.265912
IMG0375_0602.212525.947.raw,12797.075552
IMG0376_0602.212539.287.raw,21798.873136
IMG0377_0602.212642.866.raw,12803.895723
IMG0378_0602.212656.207.raw,21797.623568
IMG0379_0602.212759.817.raw,12797.784658
IMG0380_0602.212813.173.raw,21784.076180
IMG0381_0602.212916.753.raw,12799.226774
IMG0382_0602.212930.109.raw,21800.890239
IMG0383_0602.213033.672.raw,12805.250196
IMG0384_0602.213047.044.raw,21792.808549
IMG0385_0602.213150.639.raw,12802.230518
IMG0386_0602.213203.995.raw,21805.308212
IMG0387_0602.213307.590.raw,12798.191000
IMG0388_0602.213320.946.raw,21797.490777
IMG0389_0602.213424.556.raw,12805.616701
IMG0390_0602.213437.913.raw,21802.076067
IMG0391_0602.213541.476.raw,12806.019059
IMG0392_0602.213554.817.raw,21789.371905
IMG0393_0602.213658.396.raw,12808.016243
IMG0394_0602.213711.736.raw,21790.564372
IMG0395_0602.213815.316.raw,12798.889484
IMG0396_0602.213828.657.raw,21800.267447
IMG0397_0602.213932.220.raw,12806.613965
IMG0398_0602.213945.592.raw,21793.842994
IMG0399_0602.214049.171.raw,12803.280898
IMG0400_0602.214102.527.raw,21803.318996
